Feature1,Feature2,Target,Simulated_Outcome
0.4967141530112327,2.3927837426084677,10.386099154493188,11.093738718333544
-0.13826430117118466,0.6481050805703995,2.033108748052526,2.192718554420287
0.6476885381006925,1.355007446121559,6.5706754777883525,7.402524951157478
1.5230298564080254,2.399122935110477,13.857619780026942,14.23161554956917
-0.23415337472333597,0.22991656416691797,-1.6764085344561217,0.22997649164831535
-0.23413695694918055,-0.0747885284766115,-0.788271277381049,-0.9881987133801808
1.5792128155073915,4.053618851042515,20.95331932605446,21.016753848716444
0.7674347291529088,2.170041259987787,10.165380596341684,11.024224849588034
-0.4694743859349521,0.11060394344943092,-0.30676171557472753,-0.9607045819331319
0.5425600435859647,0.5498848756113613,4.764789770829898,3.8647821019037405
-0.46341769281246226,0.3905586800094012,-1.4355782227687561,0.17693562968093457
-0.46572975357025687,-0.733859902448114,-5.095353649069441,-4.3255534981233685
0.24196227156603412,2.5591854157573337,10.193486127940139,10.986428082151829
-1.913280244657798,-4.515748307405164,-24.74273706470291,-23.83573891390002
-1.7249178325130328,-1.7138718618608162,-11.200766103050615,-12.062456584076116
-0.5622875292409727,-0.9266642750192976,-5.5873458265729115,-5.389227361370187
-1.0128311203344238,-2.677080244283296,-14.011329179447067,-13.753845475346495
0.3142473325952739,0.1446088311362262,-0.48268504207602714,1.5520603297155824
-0.9080240755212109,-2.136395459236742,-10.634236033301374,-11.274311941099647
-1.4123037013352915,-2.4004414562686667,-15.077935323934014,-13.859321013143646
1.465648768921554,3.454133025878608,18.273411040545422,18.27557347660753
-0.22577630048653566,-1.0252526049116504,-4.500962383148017,-4.762842305918589
0.06752820468792384,0.11070181711486483,2.0060504783618818,0.6682674615455658
-1.4247481862134568,-0.7072260138150499,-8.411969013019682,-7.127508372080389
-0.5443827245251827,0.638777721050346,-2.097549445194989,0.9237821799206207
0.11092258970986608,0.6581688490937643,3.1492927102583503,2.9886690732651227
-1.1509935774223028,-2.263983676676405,-10.708404257461677,-12.521274994200716
0.37569801834567196,0.8714273634096052,5.851749861614874,4.644277280617625
-0.600638689918805,-0.5877594071071933,-3.9432942829105624,-4.150578581168676
-0.2916937497932768,-1.6061800647849591,-7.791437694151714,-7.285326491214454
-0.6017066122293969,-1.4607897618821388,-6.841156287579436,-7.644232866591509
1.8522781845089378,2.035972295140286,12.72717753438349,13.778241928740215
-0.013497224737933921,0.37222867312941144,1.9247807876600633,1.4681360994247612
-1.0577109289559004,-1.4682259182090598,-8.540566300537312,-9.056898278568799
0.822544912103189,1.161903361907004,8.175458091436463,7.16077708083228
-1.2208436499710222,-0.8677005366520116,-4.373673057610036,-7.1507066891043465
0.2088635950047554,-0.8080384729928305,-2.2131471397782887,-2.5762672816265986
-1.9596701238797756,-5.383715127969372,-27.922834509224312,-27.44659795081827
-1.3281860488984305,-2.431920279236889,-13.73781357583484,-13.730069159022698
0.19686123586912352,1.4408207743504016,4.584790900119859,6.378375730686508
0.7384665799954104,3.16086085144869,14.164130014691933,14.897714808704642
0.1713682811899705,-0.11614770048899903,-0.3597683964991886,0.07623095172089267
-0.11564828238824053,0.8473842686548145,2.5185038295199442,3.0580340744764047
-0.3011036955892888,-0.6407158606792848,-3.3138196574512837,-3.4538939024488466
-1.4785219903674274,-3.1296712806756743,-17.776671026187177,-16.975637246806123
-0.7198442083947086,-0.5560284793027449,-3.262615875070634,-4.38523432822165
-0.4606387709597875,-0.2689546635061554,-2.4575279019857867,-2.451401392478661
1.0571222262189157,0.537852295453582,5.313475539332462,5.3772004643805404
0.3436182895684614,2.1637769288628186,9.358067867643742,9.713861401981102
-1.763040155362734,-2.1459889565780164,-13.717885608541287,-13.905695122998637
0.324083969394795,0.022605237280060586,1.887771121972262,1.0941161480403239
-0.38508228041631654,-0.37436102739522403,-3.519821166540746,-2.6436788948470786
-0.6769220003059587,-0.8598138143291787,-6.1281377473098475,-5.46961087228212
0.6116762888408679,1.4840263435056429,7.46740821176851,7.80913322670002
1.030999522495951,1.5116938911464817,7.793903208600564,9.191441065547682
0.9312801191161986,1.1909368702943457,6.73832997880448,7.606618275969107
-0.8392175232226385,-1.7039891174367223,-9.809829912959463,-9.3368601744939
-0.3092123758512146,0.5543042675569355,2.163969123386826,1.2992602241628375
0.33126343140356396,1.2061270174015601,6.080859692818858,5.847664067952502
0.9755451271223592,1.5804759221586124,9.442128981369072,9.298256908140399
-0.47917423784528995,-0.18664976504223518,-1.3332238115368384,-2.178555575888379
-0.18565897666381712,-3.2198605739577095,-13.573791014221687,-13.415321275535028
-1.1063349740060282,-1.063904247639953,-7.184157062649007,-7.587864932948835
-1.1962066240806708,-4.1321270269394414,-20.220349732932274,-20.127316858070547
0.812525822394198,1.2626107033852638,7.753382630123278,7.533024535210244
1.356240028570823,1.592810162515502,9.857202078162896,10.502112401163078
-0.07201012158033385,-1.4387017188815734,-8.409654398543724,-5.949500499242496
1.0035328978920242,3.1678925831625677,15.54788986414004,15.729701026962243
0.36163602504763415,0.25557084878337694,3.52993960637635,2.1394084207115354
-0.6451197546051243,-0.9437356274795328,-4.784086371491911,-5.7086867073934044
0.36139560550841393,0.6758706321376438,4.753066829666988,3.819057188115355
1.5380365664659692,3.55311396015506,20.062696261824367,18.890836034851834
-0.03582603910995154,0.005169812840352284,0.0018587249929919586,-0.06709926655363853
1.5646436558140062,1.8462950874394428,12.276427024605384,12.147587525999239
-2.6197451040897444,-4.243223388732349,-25.449780762632976,-24.88868479597481
0.8219025043752238,1.1500484255891352,6.7498283594551625,7.11143225392695
0.08704706823817122,-1.3824877621834086,-4.653038694247979,-5.242377925859846
-0.29900735046586746,-1.0261298618976475,-3.7976570618193763,-4.988439195585353
0.0917607765355023,1.6842813437053155,6.87296142874677,7.03300159705794
-1.9875689146008928,-3.124916087088293,-18.91256035700726,-18.500424678505585
-0.21967188783751193,-0.787995910082883,-3.8104713449874708,-3.795766111726393
0.3571125715117464,0.36496743870506404,3.1324142182846098,2.563062639301345
1.477894044741516,2.6341530382656497,13.526439471153605,15.034392260538638
-0.5182702182736474,1.0402075470135461,0.3098385800960042,2.607909143691621
-0.8084936028931876,-1.235051753554822,-7.916224672390435,-7.3688498176477735
-0.5017570435845365,-0.5734724399780035,-5.019873316579782,-3.793577868938613
0.9154021177020741,2.8610876894359905,13.682416913202873,14.23580458202337
0.32875110965968446,0.8962913783458825,4.423638523545112,4.601307732571401
-0.5297602037670388,-1.3185625533547807,-7.316779233743253,-6.857408323238114
0.5132674331133561,0.830185017141734,6.3130099023777495,4.896598570822573
0.09707754934804039,0.12255383928201682,1.1081927697745084,0.8052674040787589
0.9686449905328892,1.9000677445559369,10.806680309433244,10.55507352394843
-0.7020530938773524,-0.6764766441177249,-4.189858714059555,-4.812836096048961
-0.3276621465977682,-0.603378407388237,-4.535333187127022,-3.3851615008614253
-0.39210815313215763,-0.051576229048736044,-0.3435175881711485,-1.3744779371109945
-1.4635149481321186,-3.0077464763728194,-16.497295036423093,-16.442664043322853
0.29612027706457605,0.6708757444452427,4.242344426215912,3.6011253302710515
0.26105527217988933,-1.476090140172329,-6.193051977189803,-5.088885657331979
0.00511345664246089,0.9265545879874032,2.1677999558609313,3.740797703580362
-0.23458713337514692,-0.12268579085230114,-0.37661490550961674,-1.1810594355165218
-1.4153707420504142,-1.8327313742411762,-11.20062819701843,-11.598891444063515
-0.42064532276535904,-3.7375460237244074,-17.114171617551214,-16.19770032239555
-0.3427145165267695,1.4029456717271884,3.7139760560537507,4.5905648958308936
-0.8022772692216189,-1.7441441665984116,-8.257973689643734,-9.385372309211935
-0.16128571166600914,0.7856113934054982,1.4691765457566377,2.6726575386912663
0.4040508568145384,-0.23180421349645408,1.9276086697137622,0.3194929582072039
1.8861859012105302,4.38514570748363,22.298519798918242,23.273178190350485
0.17457781283183896,-0.7042599375099783,-1.6549143859360134,-2.26533523710155
0.25755039072276437,-0.10866817925027639,0.00935997941820299,0.36750098941555215
-0.07444591576616721,1.7651395223344517,7.440407773121649,6.8522172654439535
-1.9187712152990415,-4.028224831361429,-22.413326973457032,-21.903250199962514
-0.026513875449216878,0.16440512228128912,0.4152859567052116,0.5977720591131954
0.06023020994102644,0.9905281505708071,4.183722407502029,4.163720863840366
2.463242112485286,5.422166112943177,28.076203333447094,29.169285862062427
-0.19236096478112252,-0.23430302441866863,-0.7734706465979161,-1.4992499541634814
0.30154734233361247,0.9680556871334504,4.263651209063053,4.805723221793175
-0.03471176970524331,2.3339920458277885,9.003232958855406,9.247018562096176
-1.168678037619532,-2.3949748722726496,-14.080282976557706,-13.098615917874785
1.1428228145150205,2.4867446757450087,10.813113487729787,13.428868216157074
0.7519330326867741,2.55452046138116,12.282853180984793,12.514378036838533
0.7910319470430469,2.6875898270440777,15.536070570918367,13.164971713042952
-0.9093874547947389,-0.6317446040290977,-4.470536492602584,-5.262783268559852
1.4027943109360992,3.444318843901383,17.966397928679434,18.045715690597994
-1.4018510627922809,-3.9467070383150453,-20.25527217084529,-20.009662064084097
0.5868570938002703,2.8071457199016363,13.011620053819403,13.023755665726942
2.1904556258099785,3.234565858601269,20.05674942701022,19.595873107236127
-0.9905363251306883,-1.6784371850223434,-10.866170530790285,-9.69361056082031
-0.5662977296027719,-1.8868713092249019,-8.132056731039052,-9.240341144442102
0.09965136508764122,0.13516438358228988,1.5549929450333273,0.8634906142761358
-0.5034756541161992,-0.678188897928918,-3.504996828356335,-4.217451162950915
-1.5506634310661327,-2.7799696466819923,-15.333393141116641,-15.796299097683278
0.06856297480602733,0.5590467038473395,2.46149239750143,2.4639091425641713
-1.0623037137261049,-0.5108961583935627,-4.557634538785746,-5.243378452050551
0.4735924306351816,1.400719162784343,7.615468076784294,7.057297025582778
-0.9194242342338032,-2.083005103758255,-11.444333828675454,-11.095428377605632
1.5499344050175394,4.0639559783234365,20.332025355449463,20.969288816354275
-0.7832532923362371,-0.3770360957478336,-3.756047964738059,-3.861916796037719
-0.3220615162056756,-1.8717308475483436,-6.9040877873152136,-8.43910781183138
0.8135172173696698,2.2244345045891976,10.099182594811898,11.381447023129631
-1.2308643164339552,-1.7605558905570122,-12.202341777282355,-10.750773437868716
0.22745993460412942,0.1573563658482669,1.4765661084419726,1.339823320461603
1.307142754282428,3.9899923218764757,19.9322852522092,19.937258601669058
-1.6074832345612275,-3.3650220561549817,-18.109196263933203,-18.30768437106776
0.1846338585323042,0.4948441705361507,2.7772314556500155,2.559235432511994
0.25988279424842353,0.3466937642129775,1.9432211849623753,2.195132550669899
0.7818228717773104,1.5792247911360882,10.152231218478367,8.705748661144536
-1.236950710878082,-3.5701765086513655,-19.592462145716226,-18.00417837871275
-1.3204566130842763,-4.080964108762847,-21.113723299084466,-20.29958110027901
0.5219415656168976,2.6383881944587673,12.016122714536715,12.152184413927493
0.29698467323318606,-0.2529920018519557,-1.7642027988624318,-0.08991899914119983
0.25049285034587654,-0.4904066487645541,-1.3860024484526579,-1.1801105685434115
0.3464482094969757,-1.4604936946097635,-3.141159984220109,-4.767557123970569
-0.6800247215784908,-1.9990111908464838,-10.015232439825446,-10.033584154732527
0.23225369716100355,-0.8585823990854913,-2.506867599140271,-2.7074084979543085
0.29307247329868125,2.2281601067337315,8.53169308165839,9.817976793622943
-0.7143514180263678,-0.4188857467101015,-4.434958648958987,-3.820273248142313
1.8657745111447566,3.0433986771117896,17.39572186155749,17.846909643685112
0.4738329209117875,3.200101647167884,13.904190254650663,14.252040421356412
-1.1913034972026486,-1.4008415074137028,-7.89563272625899,-9.192641712051206
0.6565536086338297,0.9882758337590369,6.480455221662762,5.963200386410426
-0.9746816702273214,-4.448769055328216,-21.83057918893186,-20.721442189114775
0.787084603742452,3.8651117800756456,18.068205709961944,17.860787516405644
1.158595579007404,0.9276186912512121,7.684483250523846,7.243245158455385
-0.8206823183517105,-3.286763383660313,-14.468951451175116,-15.608652432104858
0.9633761292443218,2.949322690498284,16.267959836294473,14.734064125224666
0.4127809269364983,3.2653142602122696,13.284505629830704,14.327609593884507
0.82206015999449,3.0283931384994984,13.768895522771125,14.62161906181354
1.8967929826539474,4.357495085360254,21.862781430488244,23.19479808181588
-0.2453881160028705,0.10397810965954496,-0.554271768477413,-0.3076031219139385
-0.7537361643574896,-0.6540567699346714,-4.41107719836482,-4.879940903790234
-0.8895144296255233,-1.0201002694642813,-5.761609850144594,-6.755177703359453
-0.8158102849654383,-1.3504291459615008,-7.92509846238484,-7.8523234255839816
-0.0771017094141042,-0.05000231487633233,-0.7511619110024859,-0.4128576977654971
0.3411519748166439,0.6197108217337653,3.6540572036337333,3.533134331064088
0.27669079933001905,-0.20058299020663817,-0.8074024644665185,0.058068921417674946
0.8271832490360238,1.3736914212052735,10.065854153623938,8.0215822937753
0.01300189187790702,-1.6669530304395714,-8.236467473242623,-6.604241767876482
1.4535340771573169,2.8087285275198837,15.78025692044721,15.658476045152721
-0.2646568332379561,-1.5179047736268296,-4.841983374991548,-6.850402300531309
2.720169166589619,4.336749015963466,25.514303408182716,25.608927201112703
0.6256673477650062,1.4312288466834908,7.411878395027487,7.640477425135579
-0.8571575564162826,-0.3223128264879658,-4.218169398011137,-3.8672618934013467
-1.0708924980611123,-1.2234683901199115,-8.286942736425392,-8.118322470657088
0.4824724152431853,-0.6055557731368064,0.39804262785886046,-0.936952036552124
-0.2234627853258509,-1.4365537072220393,-8.628465096195217,-6.400226804801012
0.714000494092092,2.3687721761724,13.150523888262203,11.656708909784143
0.47323762457354485,-0.036012144391219914,-0.14829285629439015,1.312103052354226
-0.07282891265687277,-0.37029097531077015,-1.9663029684481137,-1.6804283011756174
-0.846793718068405,-1.143535337112258,-7.5437669229529085,-7.119116654612587
-1.5148472246858646,-3.9980389042353646,-19.94814402122833,-20.557575420623277
-0.4465149520670211,-0.7876543979880822,-6.08828680003714,-4.482353176067468
0.8563987943234723,0.3787720937287402,4.546457423967321,4.132451685452349
0.21409374413020396,-0.17318015569080575,1.9738702329142415,-0.02221288672389987
-1.245738778711988,-2.171695623281439,-13.78717283385453,-12.439639168457244
0.173180925851182,-1.2466318818293054,-4.277278582153279,-4.437999625958314
0.3853173797288368,1.2111094974180725,5.338407951062191,6.031514968544631
-0.883857436201133,-1.7873526713289472,-9.375095787726153,-9.805532046197303
0.1537251059455279,0.8599401663082036,3.92008376048515,3.925168319262095
0.058208718445999896,0.3403315709566612,0.894465530120335,1.5580743632817504
-1.142970297830623,-0.921800165687402,-6.628239271370403,-7.130831100073403
0.3577873603482833,0.8407992233444739,6.240907084209488,4.467506480307718
0.5607845263682344,0.6921635116112158,4.260103833822268,4.488888471779751
1.083051243175277,2.288399989382838,13.122511629205365,12.454606334457303
1.053802052034903,2.650902133106194,12.471741730658321,13.815201873362444
-1.377669367957091,-2.706478665588478,-15.915359143043192,-14.97783549237031
-0.9378250399151228,-1.8350583886263632,-9.681302396370443,-10.15993055795117
0.5150352672086598,0.3280788466105642,4.341537216604201,2.8945163264016305
0.5137859509122088,0.36467098427346945,3.355655138616164,3.037024546534469
0.5150476863060479,-0.3725098991875977,-0.2579545683554015,0.0935679141216843
3.852731490654721,9.455039724496382,49.37764477537305,49.50683835367458
0.570890510693167,-0.1020822140049511,0.053934942089979065,1.3441061394966136
1.135565640180599,1.5782260825652905,10.324116577158327,9.77456002469064
0.9540017634932023,1.1895962614172073,8.502723398471845,7.670166940186319
0.651391251305798,2.197706879556037,10.292910939308461,10.782905410017651
-0.3152692446403456,-0.925488167572719,-5.1178025519714145,-4.635386905589203
0.7589692204932674,2.7656805136602687,13.605507945772926,13.37994446911091
-0.7728252145375718,-2.219141053319012,-11.631759592929358,-11.195111783140224
-0.23681860674000887,-0.19464305125621578,-1.5551606398707123,-1.4755153203071973
-0.48536354782910346,-1.8060741489179644,-6.580665449992653,-8.67185932601885
0.08187413938632256,2.3088974065460333,9.234186343597104,9.50026194362535
2.3146585666735087,3.4417187143175045,20.352510405269324,20.80075302788778
-1.867265192591748,-3.4247096749564685,-19.94817608323628,-19.334165245389393
0.6862601903745135,2.0062972616811257,10.82816158934798,10.123388815673895
-1.6127158711896517,-2.811632644927805,-16.265902366498278,-16.111077158566403
-0.47193186578943347,-1.1291513904565753,-6.581774197516027,-5.9247563706403605
1.088950596967366,2.048080494201306,12.780477799980334,11.511689036086235
0.06428001909546277,0.17237151017003513,2.301929102480166,0.9049748840083159
-1.0777447779293061,-2.3024915574871008,-13.043624129475027,-12.453087870210453
-0.7153037092599682,-0.4667283017250268,-5.879364286040628,-4.014438023447488
0.6795977489346758,3.569718499460703,17.32518093448376,16.35381359084649
-0.7303666317171367,-2.018225048442107,-10.948629914679842,-10.263075170449682
0.21645858958197486,-0.9368858004151281,-2.307541833751819,-3.068371307898206
0.045571839903813784,0.0028616314563727485,-1.8219417721749032,0.17052983365106608
-0.6516003476058171,1.2765086424426844,4.043830865252596,3.1482983007982144
2.1439440893253257,3.4842136106809205,19.15751478141888,20.45291965800092
0.6339190223180112,2.9069548500800897,14.260340586340917,13.565523014017696
-2.025142586657607,-2.3725843592387736,-15.551492129091482,-15.606518360610533
0.18645431476942764,-0.1806796121691393,-1.117294923764919,-0.13601882484120542
-0.661786464768388,-0.7545898503515006,-5.410755108637947,-5.003018712942782
0.852433334796224,3.3332632927209858,16.576671632229317,15.93261744278831
-0.7925207384327007,-1.9641692178528884,-10.128344633594423,-10.235453732031147
-0.11473644146689901,-0.4330532430361598,-1.492009316072852,-2.058448714324307
0.5049872789804571,0.42829364401227055,5.204576997505939,3.2647069256362276
0.8657551941701215,0.7167536576473761,3.9000386013888173,5.512092926019551
-1.2002964070557762,-3.0498703591775596,-14.183158082908943,-15.812808033537337
-0.3345012358409484,-1.8929427384441533,-8.470918723776245,-8.56164016718898
-0.4749453111609562,-0.9158071540626863,-5.986848598056742,-5.080935235185693
-0.6533292325737119,-2.0766316962060656,-11.596828108284388,-10.26295445554928
1.7654542402810969,3.7646943923529417,20.166019899478023,20.42643942633317
0.40498171096095553,-0.7459322242817162,-0.847133652319539,-1.7331914866226528
-1.2608839543350452,-2.1908876764556333,-12.673751689205202,-12.562301021352546
0.9178619470547761,2.6692528557184767,14.941752194285582,13.47630006454207
2.1221561970126332,2.250576751453811,13.917599906801586,15.454706003660533
1.0324652605511468,2.438987090949866,12.84125519760685,12.90324717025748
-1.5193699659540134,-1.8110709394347346,-13.0547871000141,-11.827692988783802
-0.48423407286625136,-2.178109164423708,-9.801506993668617,-10.15584706853074
1.2669111491866227,4.206394685210949,21.513199578500963,20.68043385665016
-0.7076694656187807,-0.9963199218715163,-6.52904987802346,-6.10861715938978
0.44381942814622843,0.182627000534048,-0.5422475700522567,2.0970151490771927
0.7746340534293368,1.4934990292009676,8.496846423888375,8.3412114130448
-0.926930471578083,-1.2955340306344434,-7.526188985538513,-7.969847102514561
-0.05952535606180008,-0.04304532071118866,0.05353740393154277,-0.33173908287570986
-3.2412673400690726,-5.9437786876917755,-32.263134579152165,-33.57248872362004
-1.0243876413342898,-2.969448875747946,-16.0220121066437,-14.95779647157076
-0.2525681513931603,-0.3357754787502426,-1.4205902637300016,-2.0875332910782234
-1.2477831819648495,-3.909280860834679,-18.18796547675529,-19.392785095417494
1.6324113039316352,3.1535965465145703,15.733032513846673,17.57975956075847
-1.4301413779606327,-3.764190397386055,-19.02753389750714,-19.365748849436887
-0.44004448669698376,-1.6156189159837342,-8.28678895503356,-7.772970319660012
0.13074057728609134,1.49757432978262,6.300996377887108,6.404753339538551
1.4412732890661155,3.9738566987265003,20.566923145642683,20.279528552884937
-1.4358621511794394,-2.262586181451702,-13.845159743458678,-13.379615555014453
1.1631637521549596,1.2340147396373402,7.749842135852629,8.482084682164029
0.010233061019587049,-0.29594232765562783,-1.1189177100757257,-1.1312749274147393
-0.9815086510479509,-0.7499196021167185,-7.031450300473529,-5.953976049849888
0.46210347426327075,1.0659238621664462,4.564180742570411,5.683927156722066
0.19905969557347003,2.7174489311286343,12.14634809419145,11.489061226988255
-0.6002168771587947,-0.8071159149232174,-6.17790832632791,-5.026296761584784
0.06980208499001891,0.3316532864700694,2.202331901759546,1.5585376651869205
-0.3853135968617602,-1.0797436579260218,-5.012324129435416,-5.4645326617760634
0.11351734525124804,0.3605755952847784,0.05704768810226102,1.8067467147650655
0.6621306745210467,1.1717915126615495,5.995993421873683,6.713818226254869
1.586016816145352,3.880142308979295,21.47272908740061,20.34382130017104
-1.237815498826849,-1.518928680859114,-10.770326751056686,-9.805817742654153
2.1330333746562666,3.480077288804584,19.855005016877747,20.403293264440936
-1.9520877995225019,-5.235408552602782,-26.33583671572674,-26.83066633285533
-0.15178509503558332,-2.1397755631744633,-8.231067028522007,-8.994361512116829
0.5883172064845765,1.6846257398816968,8.25191569293602,8.540297199521078
0.28099186773503265,-0.5413828707038083,-1.920066074301777,-1.2914207444741816
-0.6226995198205938,-3.3982896325936705,-14.038887228137956,-15.454112292554754
-0.20812225035727522,-0.027665896183586336,1.003869327991408,-0.7209048292699314
-0.4930009346588328,1.5069976481151248,5.5278458392657965,4.5507922363906355
-0.5893647569442115,-1.1848004254283164,-6.421977829980877,-6.503385344003292
0.8496020970210246,2.537694968493691,11.891320443396912,12.743312274081784
0.35701548596504734,0.7958603304776597,3.4240433732492157,4.285497834562331
-0.6929095952606542,-1.4847088437124512,-7.49505005536601,-8.016455949216521
0.8995998754332507,2.71827623385427,13.990302782605516,13.616913962285782
0.30729952087660933,0.3243244975645673,3.620795145834527,2.2495010455156557
0.8128621188389601,1.8931165517498232,10.661502656052313,10.054835853472344
0.6296288419236122,1.580955490043238,6.7096281841839716,8.251105561059084
-0.8289950109220723,-2.3260804754871933,-10.739359316992072,-11.793008018325537
-0.5601810401969696,-0.12831973085741633,-3.191882671334987,-2.1910207004877438
0.7472936051232618,1.319627453551115,7.136419357621895,7.563148806178174
0.6103702654334648,0.464995371374085,3.941292488048429,3.731039653102624
-0.020901593964148132,0.49470665564210725,3.911789330459949,1.935353305476096
0.117327383308782,-0.6638132151734732,0.8066478452378139,-2.2772521399541565
1.277664895788425,2.583510948945978,14.77376154228537,14.224683073674921
-0.5915713888358299,-1.1922617743158634,-6.726957882491331,-6.53990826642671
0.5470973811700379,2.180090328171654,10.896159104677281,10.396179084591402
-0.20219265243389406,0.07031292801216465,0.5623291806208125,-0.31119814208257374
-0.2176812032272203,-0.4603893651995845,-2.8152686960371907,-2.479942857836169
1.09877685198719,3.015320003174667,17.15282192457256,15.408557466787126
0.8254163489880298,3.041040246993373,14.870480794128984,14.68236117962433
0.8135096360006385,2.1848295783531393,11.677590310505867,11.223081711568334
1.305478807154329,2.621310234152039,15.067601610125605,14.460158278501403
0.02100384163275905,-1.2698285490846415,-4.594716060825833,-4.992252092719275
0.6819529712949639,0.2987922795145552,4.079968532412725,3.283642639028616
-0.31026675659345604,-0.9257582175415797,-5.251086326493611,-4.621295411355325
0.3241663524884421,0.03882050281760108,0.5694793147897,1.1591953717612828
-0.13014305436768459,-0.4472574117208152,-3.279613042958009,-2.1619616424333414
0.09699596499271819,0.25064185488254354,1.7330565451285551,1.317121767548506
0.5951570254369136,1.720006805230558,9.444434800745086,8.702495612803855
-0.8182206832334725,-1.7069401445260364,-8.824649761652676,-9.284980892436245
2.0923872756854602,4.671276195197122,26.636759041192406,25.04249295371223
-1.006017381499702,-1.9475603481892838,-10.813889556085288,-10.816527137365789
-1.2141886127877322,-4.403843791929336,-20.589199350488027,-21.268187412138108
1.1581108735000678,1.3768863531813813,7.890177157086415,9.037967986752264
0.7916626939629359,1.4392378322042563,7.7448397082314315,8.175915817950695
0.6241198170521551,0.03854489126320271,2.7220767737750537,2.067769588231408
0.6283455092642799,1.8566197485247642,10.160617632635041,9.349331970035731
-0.012246772846914623,1.506257286649868,5.694321880394546,6.005827007195118
-0.8972543714858315,-0.5757468912743464,-5.0663499314129465,-5.0021055385184665
0.07580455819372633,-0.06183375454275533,-1.5377950902706519,0.003562196164774739
-0.6771617115121117,0.13640271382572866,-1.8429034800400297,-1.487418283309178
0.9751197334177512,2.098906924037614,12.211370059923496,11.369677831668643
-0.14705738150213865,-0.6312007341223167,-2.3907700648891166,-2.9486720069778225
-0.8254971967925115,-2.264397057125963,-11.033414097500176,-11.535786964997385
-0.32138584165299344,-0.9452413697941152,-4.695349316954481,-4.7329110695808465
0.41293145427562433,0.4376860900100199,2.996601881495129,3.023078432088668
-0.5637245528039747,-0.9570328832324617,-6.179626330815218,-5.515000551938121
-0.8222203955664315,-1.4838668100829984,-7.703300006828753,-8.405253450502332
0.2436872114919123,0.4904204431372391,3.113716351414083,2.720641697900323
0.24496657110872277,0.9268713119637955,4.93440380917415,4.469472319959274
-0.5069431753711298,0.1767599240440818,-1.3398246726046423,-0.8098424278931929
-0.4710383056183228,0.0074775242046781765,-3.5365477399075003,-1.3777516932827072
0.2320499373576363,-1.0207980937346308,-2.2898898511119192,-3.356572264366741
-1.4480843414973241,-5.450089817896603,-26.62344975208679,-26.160468447289276
-1.4074637743765552,-1.8806076375138367,-12.607597637228134,-11.766323297850839
-0.718444221252436,-2.803767140920293,-12.676922315524486,-13.367551257072403
-0.21344715171184725,-0.6516597053163781,-3.6389929163201833,-3.231809777450981
0.3109075655980046,-0.5482978948633503,-0.2005324986127659,-1.2283412693804219
1.475356216949552,1.1487319963190843,9.63800258570169,9.087913982183991
0.8576596232020194,2.2567819746088267,12.283676091241842,11.644645439674559
-0.1599385299634271,0.4392781003757926,-0.08865889958764517,1.292086710995627
-0.01901620790268883,-0.6145428165320971,-1.3032759044500544,-2.493759322247977
-1.0025293646378088,-4.596101021420528,-21.13074164836168,-21.394936552036942
-0.01851313599238993,-0.5832707202372626,-2.7578994281724234,-2.3672063624713036
-0.2886586389201383,-0.18551327243773014,-1.4646405391690847,-1.5962305630223117
0.3227185603380895,-0.8334744480979498,-4.141977344275851,-2.3326707756051848
-0.827230943552323,-1.4711019673254904,-7.95744788847826,-8.369414631208269
0.5193465142411723,1.023383179309349,4.622200751778841,5.687449898509809
1.5327389130025777,3.644769325606244,17.824623755589176,19.241212085979946
-0.1087601484568576,-0.09793992849956193,-2.2403993455867117,-0.7005257986293068
0.40171172209894146,-0.16964549668367257,1.6392415545520593,0.5609124207511287
0.6901439917111125,2.5768594850867164,11.748606521787416,12.416301364103472
-0.40122047188583626,-0.9609705167986425,-3.51381577293558,-5.037913337138341
0.22409248181041677,0.4208804241109017,1.8199976788225591,2.383192088244714
0.01259240078179486,-0.9080831575096063,-5.301913385285987,-3.571486934649331
0.09767609854883172,-0.24793005409384689,-1.8152163606775515,-0.6741290321057705
-0.7730097838554665,-2.430822281737834,-10.806506858510797,-12.041982832578832
0.024510174258942714,-0.12392571140553757,-0.5780705007819896,-0.400246025768768
0.49799829124544975,2.707705062633243,11.77652782777872,12.356703098659594
1.4511436077950417,1.530386072658727,10.634993339872821,10.540354393820092
0.9592708260852069,0.3049802542936726,4.599516231597856,4.149411010347191
2.1531824575115563,5.777535242516722,30.687087158504017,29.649742598826663
-0.7673475628880495,-1.744018802927965,-7.829618670483082,-9.278938934566128
0.8723206367206782,1.0755685347814397,6.559467403498707,6.966562508768161
0.18334200573835174,1.4065886988727798,4.850333126624136,6.200514220059845
2.1898029332176723,3.7739903266984802,21.25190494532366,21.750537540866247
-0.8082982853551515,0.20941314283663326,-1.326961778136035,-1.5932202832137654
-0.8397218421807761,-1.001517813022283,-7.488995704842071,-6.529877002753003
-0.5993926454440222,-1.6866966990337469,-9.502115647362098,-8.540401583954278
-2.123895724309807,-2.0904832353541103,-14.389832232795975,-14.778156101454613
-0.525755021680761,-1.6572249663648604,-8.254817282072176,-8.19924963725397
-0.759132661553698,-0.776169951098089,-5.349280793641863,-5.384521114338269
0.15039378647620763,0.6000801533589072,2.0930066381641823,2.8761330448108575
0.34175597577715944,1.985253240953117,8.735880176938178,8.994467590560625
1.8761708392158862,5.313852875158625,25.959690874013855,26.95581930385048
0.9504238381860503,1.932851825437867,11.472877227434406,10.630886060135992
-0.5769036556624031,-1.9072251816709898,-8.324362358947415,-9.353881712402252
-0.898414671348358,-1.3368571997575995,-9.888860675313566,-8.048578479279985
0.4919191715065057,0.3061229732609053,1.7707385473707282,2.7366309910965017
-1.3202332070206422,-0.6270791665146613,-7.96554554221065,-6.4901124805499135
1.8314587658543537,3.799452862791445,20.042163814321942,20.765578912720898
1.179440120721287,1.9935586901304654,11.429117152895362,11.568138118561393
-0.4691756521047048,-0.7536709983445011,-5.871856169390648,-4.415209631848186
-1.7131345290908775,-4.7733953477114515,-25.15484479124375,-24.258836898035312
1.3538723741654128,1.7361307098201741,10.002182589695437,11.06793410810883
-0.11453984525261789,0.9713342174391896,3.7489846633978487,3.556953263156521
1.2378163119734618,1.8187383449755279,11.057746652858748,11.046237212728897
-1.594427658794367,-4.235766300270674,-22.44808573080305,-21.74936600668003
-0.5993750229537729,-0.6620972933802596,-4.269693370242958,-4.443952521256946
0.005243699718183166,1.1961915540993633,4.253817230964737,4.819213705345105
0.046980593764742055,0.8129144981945509,3.1209446637463762,3.4134308691389124
-0.45006547147924364,0.0959167428473291,0.7069226472501224,-0.9605628023248233
0.6228499323474987,0.48890477612553673,5.164629953334991,3.8644779421851574
-1.0676204293825944,-3.5570515255070325,-18.73064862710351,-17.43817205283942
-0.1423794850212935,1.2165746819128997,5.268892690466894,4.453005987679404
0.12029563171189886,-0.08208857541833803,0.8439291479539366,0.0575116436829361
0.514438834058749,0.7780446516624506,3.5072318200734314,4.691691523933813
0.7116148780888898,2.7514238980268377,13.959317870128881,13.179333203997516
-1.1246420918378692,-1.6930541742750784,-8.608211054201368,-10.158755758193934
-1.5341141707356223,-2.612340569389637,-16.17424959600983,-15.07592098346905
1.277676821898509,4.720355988698103,21.796951599473676,22.76792413782137
0.33231401197959165,0.021109793579040304,2.0990426770984385,1.113096744371243
-0.7484865365565536,-0.5691329450318701,-4.250496078971493,-4.524490866941375
1.551151975522523,3.1593170759421305,17.84220050557561,17.356193370978957
0.11567463429285867,0.49994154744897423,2.6873793090749696,2.370480673578396
1.1792971840638264,3.8870627945401846,19.476838651280364,19.138021258463787
0.06751848141010895,0.6428727191098417,1.4475741923586107,2.7958817523732717
2.060747924881987,4.659791928813608,25.86872919652184,24.90062490357901
1.7553408424432044,4.583189022196211,24.768368608542232,23.668147511520885
-0.2489641484790735,-0.8628810265010323,-4.4278072955093775,-4.183995603564832
0.9715709509543554,1.1039322345697045,7.286964841328022,7.380960714618852
0.6453759495851475,0.24594270514926153,1.3887911667967667,2.961419588290707
1.3686315575323487,0.7709065256886956,7.703775531369663,7.253683892369241
-0.9649234605801045,0.12636020878011323,-1.8172721049057166,-2.4002706948644614
0.6860514599984393,0.2688945542751955,3.0715415800967887,3.1765397421659634
1.0584244868495878,1.8955953501134035,11.88200822087288,10.809469134100429
-1.7587394864231143,-3.794292272735149,-20.78746478118988,-20.482644961897126
-1.183258512665775,-2.0591103275224496,-11.221610922193523,-11.800032556682048
-2.0392321777601006,-3.2627271429809044,-20.188269443896036,-19.208080055049816
-0.26940683444455776,0.3216598194706298,0.45486662367460784,0.4898562325553212
0.7175422557959623,0.8520070730229862,5.386300801576995,5.603353349035588
1.502357052096028,2.8375923904056446,16.082748639951603,15.92194171500988
0.07409478041977519,0.43076951132785,1.5758354577373672,1.9678274588427147
1.6286155455712918,3.0085399649590365,16.788533900878356,16.98830517800147
-1.3801014582148914,-1.1528573404097902,-7.925686564842329,-8.773761730866433
-1.7033824393551547,-2.915789927072058,-17.210071263591914,-16.802469463618063
-0.05554769889661878,0.62378238825658,0.7219093555977842,2.346331949819417
0.3840654489393073,1.4310121665460271,8.625828917207452,6.906899208024484
-0.03269474809409311,1.1080843612971387,5.715707279596763,4.351900242215108
-2.0674421000398766,-3.9538626413760465,-23.310039560729436,-22.056824525825405
-0.08912003951278841,-1.4750720269814233,-5.477940421218864,-6.146800328094001
-1.3044695005048532,-2.2092510492570647,-13.253387469094163,-12.767901571326323
0.6696725488300385,0.6879882038682479,5.024457677294166,4.802422737480913
0.36659824609684827,0.2045798104439397,2.2123381090797976,1.9505929484498625
-0.9398797863273552,-1.2933955538996171,-8.227629374896857,-8.000569073951393
-0.5138669173366935,0.21054923676024861,-1.4831694705554828,-0.6957489989213034
-1.0592135218889516,-2.0971554670418415,-12.256803486150481,-11.575944534254258
-0.06267909727317188,0.18347481805262003,-0.3703299350902779,0.5643344385722033
0.9551423205012383,3.6124995856377144,16.483603095824126,17.360505028166727
-0.9857260463355437,-1.7306989131825192,-9.947152081786063,-9.887967108462895
0.5040465155178444,3.6097761452160837,15.235484138307115,15.981567433694007
-0.5302576183724408,-0.4950055911133374,-2.8887431538580524,-3.566298175101812
-0.7928728322623442,-3.346508423680506,-14.277406036173128,-15.763177353228961
-0.10703035995455783,0.5392809011954168,1.2559792835479509,1.8523584013492438
-1.035242322419374,-1.6893262599559704,-9.623627506546628,-9.872726542838212
-0.553649305347182,0.1824541433883815,-0.43144623218508626,-0.9287234862935279
-1.1978778925888485,-1.7225744339077385,-10.011929142478225,-10.49888309956615
1.9647251329163893,3.7909942818490046,21.134107794061272,21.135921249956738
0.03526355197172861,-1.1537711323459086,-3.766611455108726,-4.485003426489711
-0.6997255079925856,-1.6084742732711965,-8.050824664381887,-8.531946620767723
0.213979910734222,-0.4225606327408561,-2.2859652210880563,-1.0195927461392587
-0.11232804969082982,-0.8051795491863823,-2.6885462814287457,-3.53892283909714
-0.22096959953322298,0.14663920535416364,0.8109388600837277,-0.0629874710058067
0.6141667000434252,2.8982379044382567,12.67216561370472,13.470768918497356
0.7575077100473051,1.9096869499175912,9.949208765259883,9.95321041472366
-0.5305011476105275,-2.2568853572562393,-9.93571587904547,-10.61111319224413
-0.57581824064468,-0.7070338130692193,-4.764903793790279,-4.55216957356678
-0.275051697151644,0.6465280923423631,2.8339353256805317,1.7715752398547786
-2.301921164735585,-5.213625233790552,-25.396391934749598,-27.804523725707462
-1.5151910621985523,-3.1643992910700223,-17.98915638351073,-17.225688612707447
1.3668742674445247,2.7484367296182466,13.713325117652786,15.154611359853401
1.6449677135012837,2.505037113920327,15.258870191790034,15.024869202413715
-0.24903603955637832,0.1502083547311024,0.5752878053814181,-0.13383561863537152
0.5765569630557664,1.0321657775037514,5.627467625337536,5.896066641967675
0.3112501545435361,1.0420327529941,6.555142138928042,5.1309128917904765
3.0788808084552377,5.270269439108375,28.979114382075963,30.42905832143932
1.1195749114345768,1.801691522545743,11.258409447518313,10.619489677233371
-0.12791759148076653,0.4665461748662383,0.8765711042637603,1.4982164031492244
-0.9555404406004258,-2.2839140332926187,-10.282899548764455,-12.008202024335397
-1.6064463202575725,-1.4859287892817399,-8.77053876473156,-10.791838260887374
0.2034636358672231,0.007291086119843859,-0.1271013357023031,0.6670812644983768
-0.7563507452843033,-1.288016764816721,-7.970676431028374,-7.422471467365298
-1.4222537095976742,-1.9119165873222586,-11.054839591102255,-11.93635171545823
-0.6465728842425266,-2.7115115014180846,-13.172895308189432,-12.780743019463532
-1.081548003614395,-3.923904819209566,-18.985674505613684,-18.947106910040464
1.6871416350725648,1.8486269555750348,12.481321148060243,12.52841302562879
0.8816397569494505,3.025863617326083,12.828700583955026,14.792194403829733
-0.007972641316617372,-0.5678034285256814,-2.308969384146815,-2.2734010047115065
1.4799441388900259,5.518087563448304,25.822454896399123,26.57071270110139
0.0773683076476183,-0.40951098336215197,-1.899061832905525,-1.3817249584664508
-0.8612842013282637,-1.5380170994594904,-7.292288998353939,-8.740218549887299
1.5231240772696573,4.58835810710719,21.666297765958475,22.9845643528883
0.5389100436846587,3.08391297552844,14.765587219915714,13.984873723946428
-1.0372461543264564,-0.012988732016514959,-3.4426563213772376,-3.1767289607311002
-0.1903386780836082,0.8276888744259261,2.459979294957045,2.7527756122814426
-0.8756182533847572,-0.727173980958052,-4.745178787934768,-5.541901639579845
-1.382799730964336,-2.1730725127274892,-12.500637949234074,-12.8608120995952
0.9261775475316414,2.6307161712299205,13.872010324734138,13.347447547511504
1.9094166404701305,3.2676475646117273,19.76702484039016,18.875821565954617
-1.3985675738191412,-3.6153340310605895,-18.988347228883104,-18.67485960109629
0.5629692366905709,1.1225640159701897,5.566927039444721,6.216275136981442
-0.6506425691218269,-1.4714697607685823,-8.922957276997609,-7.835341253703246
-0.48712538376469605,-1.4274788168566672,-7.996701948699712,-7.163560912149884
-0.5923939242388692,-0.488400401021023,-0.7816889514919745,-3.7283325979792856
-0.863990769679816,-0.7726763307891213,-4.437998051459147,-5.68855917916042
0.04852162794482699,0.18545014218150135,-0.46370891364753497,0.9094730033697774
-0.8309501164110378,-0.1843701517668137,-4.552788913043939,-3.2362807890596725
0.2704568257798388,-0.6007754625738274,-1.1098653112373016,-1.5608249389418205
-0.05023810944913695,-0.294135678177992,-0.779992243681412,-1.3074442403186914
-0.23894804686640975,-1.1947184143356244,-4.946833962624362,-5.480320691579418
-0.9075636620415979,-3.6816639411562555,-17.704302544303513,-17.45097020234335
-0.5767713305683327,-1.2362233469793646,-6.800661639625357,-6.6707841643392625
0.755391225825756,1.3890349432682285,8.15019297470954,7.8652009971770065
0.5009171876243808,2.5152841184908925,11.649781043130043,11.596247508372201
-0.977555244798551,-1.3242988050423246,-10.449161327312487,-8.238380969285355
0.09933230542922587,-0.8255222134707532,-3.2338915681705287,-2.978346271494946
0.751387123371789,3.356866813077766,14.830222188166118,15.720540115942548
-1.6694052811213718,-2.1177768667173904,-13.304111891325165,-13.508933141255024
0.543360192379935,1.6688180882284858,11.290611932657159,8.34075525645375
-0.6626237589458467,-1.5517316167415254,-7.827316078329337,-8.19256749493346
0.5705986685931593,0.1817581004628389,2.1252987214584356,2.4780277143001963
-0.7632591565425169,-1.8987250891560867,-8.962876324274644,-9.8850627841612
-1.804882100664519,-2.521015581624852,-15.016020741283752,-15.531963923439886
-1.6275424378831627,-1.3704985698317163,-9.94452710252451,-10.394321632597652
0.048084946661381994,1.639413421594953,7.308759119579629,6.721160832530783
0.25972250172148187,0.03059558165668963,2.9580933966207454,0.9308713337830576
-0.9043166251044086,-2.9282506834978284,-15.556841044630454,-14.42894192733959
0.6385924587773739,1.4180711644659518,8.061694111007384,7.627070702231604
-1.6615200622689599,-5.091479490100771,-26.2768592771915,-25.374019509340624
-0.06607979864731657,0.19100811689014832,1.1213057179608918,0.5841395250424185
-1.2110161997624567,-2.569634985823582,-14.830275054067792,-13.925315064954152
-0.6518361078021592,-1.7697087174725605,-9.451710006901806,-9.031334013597963
0.047398671316414016,-1.4999057246339673,-6.152516798824534,-5.832063000153305
-0.8604133652839524,-1.2072266239981881,-6.434329872499901,-7.415061986710495
-0.38455554422982535,-1.301811928121562,-5.442459901233311,-6.350072870304652
1.0062928092144405,0.842668782718593,5.143836182071309,6.441719218930772
-0.5768918695231487,-4.026045952327947,-17.779925306881385,-17.82498900576671
0.8356921120651418,1.6438693190796474,8.372973757764843,9.1275710089506
-1.129706854657618,-0.48716211264549214,-6.596273925230157,-5.352903779074612
0.5298041779152828,2.7208675703784353,12.25586576483522,12.505785892407733
1.4415686206579004,2.426040984729529,13.720387012435998,14.092185692633326
-2.4716445001272893,-5.545501060616359,-27.17022125650178,-29.646102630864313
-0.7968952554704768,-1.1250162548659297,-6.457790960514452,-6.893748236822678
0.57707212718054,0.15575881517278856,0.9766341414785369,2.3937135885116403
-0.2030453860429927,-0.1042988722665194,-1.5911056513659978,-1.0118902683383622
0.37114587337130883,1.5083720251273078,8.168309016052557,7.1770059767650505
-0.6039851867158206,0.018962850452666435,0.3523386145331291,-1.7350240505609922
0.08658978747289992,0.07302549846584705,-1.0341119559558702,0.5754443271300204
-0.15567723539207948,-0.5150282209611248,-4.407068975159783,-2.510350587561419
1.1677820616598074,1.4575815365630538,11.20463750660342,9.389921093024626
0.2544208433012131,-0.3180386674374338,-0.11927796247519207,-0.47906292043802845
0.3376026620752022,0.4487264322488776,1.9394209833447502,2.8387667795147644
-0.4118769661224674,-0.4563884254287567,-2.526555513959994,-3.0528891016769437
-0.48760622407249354,-0.06162782191173766,-4.345077698881309,-1.7042839770323317
-0.4325581878196209,-1.6682953263195865,-7.967480362140048,-7.960869154938613
0.39445214237829684,2.2815928537161154,10.637549014842438,10.339059950801605
-0.42098448082026296,-1.1130925626830948,-4.791053553655338,-5.706043071320514
0.2897748568964129,0.5581824194443896,2.0881582961742593,3.1313283169152983
2.075400798645439,3.4035899181430542,19.926249229911893,19.922709526711674
0.8711247034316923,-0.6819908534095569,-1.040013929402738,-0.06386781711076495
-0.32602353216784113,0.23199833202536746,0.20530648727226347,-0.040317352252688066
1.2012139221639448,3.1392717414203233,15.265382409810103,16.214785605130462
-0.4080753730215514,-1.0974783031613162,-6.022240170870139,-5.6044667792004725
-2.038124535177854,-4.009258353130836,-23.147222412847132,-22.189387045251504
-1.008086310917404,-1.5002334041307086,-8.37405630745139,-9.034367902668034
-1.8707919210258557,-5.3041296989382545,-25.970443442173917,-26.858868665052054
-0.35151348404130867,-1.2320796454289122,-6.217479603796989,-5.971072537301315
0.0184183791895517,0.8311014380009305,3.417898884532405,3.3995217734952123
1.6764373122752827,2.098585201381316,11.975061327717569,13.495294347299367
0.32692737376416264,0.9474126796949546,4.47075619206552,4.8001621621526
-0.21910052880886424,-1.7947828622411335,-7.886637652432872,-7.819213946386151
0.8294055811834892,2.125241144800505,13.609974413782462,11.033052426766172
-2.211135309007885,-4.457912100313254,-25.577021354050835,-24.507819349012685
0.23561455810856594,-1.1439026996883777,-2.4045898856753753,-3.837939637835895
0.7708651938869668,2.7064697422311053,14.13533332405113,13.179294283719148
-1.4785862457798415,-3.6917640683577324,-18.92217860628032,-19.223104971824792
1.143754043206929,1.4772556493994773,11.098905211413829,9.395708749863143
0.3384964074944141,0.8775620122197711,4.897842743969189,4.55598166445567
-0.4152879139008013,0.31806152162711265,0.41554154047397546,0.03305299530112471
0.6327818661062848,0.24974191323417272,2.844192598238,2.9384146157499837
2.270692857804396,4.603065565456763,26.44790971765887,25.310535364022403
0.18186625505849516,0.7925490104475632,4.812264040776622,3.74107971728566
0.24822058630033608,1.1895467798638162,4.877171590860061,5.529529470435977
-0.4593608995402441,-0.7422802438032631,-5.666450868432552,-4.339903433115195
-0.8498443694647918,-2.066716578012906,-11.019380057841657,-10.819289563234971
0.8303358165442456,0.8330814124397715,5.023294534994176,5.869759445044047
-0.8560838259088672,-1.6260237687713597,-9.135871127427395,-9.07630196326144
0.07156623721939247,-0.9290065375468219,-2.2638893038449712,-3.4762881921890436
-0.4776574467651167,-3.8766653770248407,-17.396935503481505,-16.926807951832746
0.47897982574639186,1.3945194556504514,6.972193918529406,7.048848794301175
0.3336621052869483,1.5712590516600917,7.344045257309606,7.314753275783724
1.0375399442578992,-0.28785254702604,2.809640526874822,2.016606810859731
-0.510016398854747,-2.0297635024194314,-11.89599254022657,-9.640944962173219
-0.26987493529337125,0.07940439041845526,-1.0987075389715895,-0.48011175224260594
-0.9787637157823074,0.09996803814708399,-2.3251353024791133,-2.547761485299234
-0.4442932600761116,-0.8677928124768153,-3.6039720737087344,-4.796012469485097
0.3773004930448522,0.026598044860569936,0.7463912110706311,1.2714706145878565
0.7569886166453519,1.3310807921858636,5.7187363126376365,7.638342077445491
-0.9221653241776254,-0.46945422920706603,-4.024601443395004,-4.652690628075067
0.8696059201056602,1.0932476610867852,6.3464460158384925,7.029011483352815
1.355637858804951,1.9120837109596482,10.525581761163084,11.776756539302198
0.41343490322370086,0.3441262842653693,1.992464457019356,2.6505488409992903
1.876795812558066,2.8002630168574196,16.646914147448026,16.90826664202328
-0.773789199103573,-1.4249080822123505,-8.625744590698334,-8.022655280272375
-1.244654703311417,-0.8646309481532735,-9.398053959646415,-7.210646690057393
-1.7787202489042786,-3.234361224692528,-17.376539448595818,-18.304610981938012
1.496044311489183,2.7397351208520786,16.721948459154586,15.511559042801345
0.6543656563540577,1.0169200437925714,6.682299135571965,6.0710858017457
-0.05558467091045507,-1.6743601505175671,-8.00188028522645,-6.84185990236439
0.2799686263198203,1.4430470297867997,6.410602464159141,6.6393181948295314
-1.1254890472983765,-2.3288152916095552,-12.698249623562807,-12.70312657180774
2.4457519796168263,4.711024045643027,26.780146510984498,26.273064371796256
0.1292211819752275,3.451549931795316,14.862203761825029,14.212229892837048
0.10939479460489289,0.517542497575472,1.6641805753380707,2.4218050612593776
0.725766623898692,0.6997421977021996,5.058264218918435,5.019533603922456
0.4810092317367132,0.5356608672678831,4.042951568896913,3.6212472261144297
0.22388402427913137,1.5962137577550175,8.51232942600423,7.0815966997550905
-0.7904744554453119,-1.4676785003528594,-7.5376308279226505,-8.244255162392587
0.4714683571359957,-0.49534126404537526,0.2220967026020051,-0.5296816256163059
1.8820244964750337,4.683277927525271,24.463011827455546,24.452504145785447
1.3454200461549777,2.0226960067709614,13.537503310752282,12.188001785474505
1.593186626639397,5.059671029496339,25.428006793863045,25.081375513475628
-0.5112156764311852,0.05761671285227821,-2.164268088058013,-1.2991397914352643
-0.9896048202585809,-2.4265315361759128,-11.271570635354204,-12.681701237847545
-0.12578692009964815,1.0294425215358167,4.43831259838335,3.7551636636826764
0.055724912288694604,0.17930533510479252,0.44135205615677164,0.9067513562254379
1.0941915184709485,3.0411567120641165,14.967708436270067,15.49794776719126
-1.6924646297148194,-2.900196442135164,-16.381604112544352,-16.707015287315166
1.5295503194606137,2.2127439839303538,13.902811689370841,13.506238683777656
-0.15800789857898942,-0.9595656294754409,-4.114993948007525,-4.294699881526537
-0.42688106994742003,0.17619867768632114,-0.26453982565409057,-0.5692800338494113
-1.0121043752601675,-2.358984082626876,-10.772292081711626,-12.479878351651358
-1.6548566718657693,-3.7133618069735355,-18.746474091256566,-19.84403330863817
0.8231705839619146,0.6912185885744762,5.425021697448672,5.28085516670331
0.07331796718840389,0.5702349999702688,3.4422044822137705,2.523061046177752
-1.2899608997410539,-0.5173968802389628,-6.971994123706552,-5.95979008967143
-1.295078772063616,-3.657690458381505,-18.11807109977006,-18.530349557329785
-0.3357846992901282,-0.6473499419074984,-1.787447515767268,-3.585595183205563
1.669021525289393,4.750263605994215,23.790073104452663,24.07433671314408
-0.2595913513636048,-0.5988240939729247,-4.021704358601598,-3.160513199547595
-1.5031429531181062,-2.5539141099864784,-15.377174187893294,-14.74840214707524
-0.24574306408594432,-1.5538796563187685,-8.042380854875296,-6.93687129359798
-0.2727235697476705,-0.11714004228769237,-2.0714927865214845,-1.274544569946183
-2.6968866429415717,-5.580917550887692,-30.784838230965512,-30.47079668265538
-0.05429486651781221,0.8771402626442386,1.9401094318448757,3.3630678967495897
-0.23093453020867796,0.7255169911473953,2.2248827079131503,2.2211716944750117
0.6962063648134184,3.981976371645451,18.918801754808705,18.052408904053408
1.8489560949453452,4.277545363104266,21.749293557106178,22.730079323681462
1.1265650295477574,2.578926375677681,15.214684514995765,13.748109520983725
-0.26888869055483056,-0.3433930795323251,-1.6694463012661973,-2.1674845035925623
-1.1065259087416703,-2.566218110294029,-12.553869581777072,-13.594764007289033
2.5733598032498604,5.4852034499614115,29.00305865574309,29.75526862223673
0.05921843401448826,-0.1769645421100529,0.32432236066986886,-0.5070371354559788
0.013929291912946203,0.1963195600955067,-0.2648677842744477,0.848020423007188
-0.024125087110003277,1.2693473613879531,5.895261685058311,5.022626562679487
0.19808476076785494,-0.6103730437439312,-1.6753985528786288,-1.818681021890456
-0.14436041192394247,0.8511577372811605,3.5248009333375983,2.9860446064212813
-0.5736620068802363,0.16979105357939273,-2.2174164119479896,-1.0400441064326014
-0.5468589412403921,-1.2117864094718631,-7.382792303885233,-6.482368136251661
-0.03275327021599839,-2.1873614394405916,-8.250477350156977,-8.823621344269814
-0.543424771133765,-1.6946715293619623,-9.357308435073344,-8.402550197346564
-0.7128457826771644,-0.1286970187932195,-2.1901191311052477,-2.655519170631795
0.10643022769189683,0.18999239308491156,-0.287877551044909,1.1032539422534362
-0.2549772174208553,-1.5092566671366212,-5.953784108142382,-6.786471167518248
1.5039929885826886,2.5032110559371596,13.292299874728196,14.590031081784069
-2.650969808393012,-4.461319590281471,-25.245887848625397,-25.855339371321065
1.0915068519224618,2.729747272046303,14.819140577598597,14.244776628815838
1.246085192497629,2.2532382858255637,12.054436902365566,12.808465223920855
-2.0733902324081495,-4.513604876630986,-23.692563636663667,-24.312738809872624
-0.34268759408034877,-1.0771333372045193,-5.0761538677255675,-5.324823570062984
-0.37144086599579146,-1.6652919164900855,-8.314332120140454,-7.763509404528378
-1.4075116947178212,-1.1996476999662007,-10.029680568094474,-9.043959430572496
-0.7778166875908753,-1.8779538443930905,-11.807891132017568,-9.84616736721848
-1.1105758454658288,-1.003993170106161,-6.998050169522437,-7.3611990787760115
1.7522704434236227,5.025856938769697,23.7954363139876,25.42864255865592
0.9356783931474612,2.8696676844428826,14.381050116655222,14.3316001480461
1.2715550949941588,2.111489877270269,11.997176577981303,12.318991746455008
0.7216720640432351,1.8470742184230797,10.23245584126022,9.594202200103538
-1.1290517712172292,-2.2822991488253748,-12.818397408443051,-12.527957649313237
-0.5245202662797737,-1.9527423932896755,-9.713978158345114,-9.37699724956251
0.48937456122791806,1.303108404177439,7.412428004681806,6.714907565583284
-1.2221278088919454,-3.6232954089436933,-17.824507033366494,-18.17159641558918
0.7129984301723881,2.61367624880634,12.9098562429253,12.632807689384222
-0.24032539815813503,-0.9452680936146631,-4.0327809791245315,-4.48718394580643
-0.3748208075495975,-0.5484819592263557,-4.853962382761321,-3.3087021837444572
0.7109599682034915,1.7052078079531252,9.710499816409957,8.994526924396506
0.44426331148603976,0.6296216492680022,4.463745325543731,3.8854665197647242
-0.3609661658190799,-0.13523853016288512,-2.6405357466852775,-1.6145186127240412
1.159329803364248,1.8437559501059717,10.60893273684243,10.908230818112205
-1.0810633275998973,-1.2908293577425505,-8.445814701397525,-8.418480042619208
0.6159356069442637,-0.11410846635822103,1.2568761709981746,1.4326339811255715
0.5931012579683838,1.3125820954831793,7.363492122406403,7.067358280872683
-0.3095464393139903,1.3198361204303042,5.782071945610429,4.358878711272809
0.326133022242118,-0.34806528012133875,0.6679046739138277,-0.38162744211586586
-1.251113576385303,-3.1799721232954576,-17.785448415769146,-16.487075337249685
0.924027019206901,2.361961888072717,12.84199860021762,12.266433584937218
-0.18490213644298903,-0.1902224909463801,0.013336946420922091,-1.300393381880844
-0.5227230205190395,-0.6948159417645199,-3.9606243079259955,-4.342298803521239
1.0490092258368893,2.587205581821442,14.586830429982403,13.546004807467444
-0.7043436905427592,-0.7739659125237486,-3.196624276022507,-5.209549429541591
-1.4084612963635597,-1.7072227507708961,-10.03056534606728,-11.0761477433058
-1.5566291735239037,-2.703439690119295,-15.234337685407162,-15.508421257638766
0.6060099513456396,0.9707622480727368,6.74616732041262,5.739895292645879
-1.280429352496283,-1.8882850037898349,-11.249540239551298,-11.411757399221205
1.7547941819843647,5.409470298863945,26.92616678469383,26.970000245129555
-2.081929407883722,-4.296492562150018,-23.783172707964972,-23.470610739947762
1.6964563682900382,2.418383431909435,16.326316191339963,14.83457467857614
0.2110174672026184,1.5291156036922096,5.931086150434693,6.774314470430709
-0.09671311187039239,-0.313807387694383,-0.013001161710593179,-1.5270385045771255
-0.5449190868089497,-3.2625077196319356,-14.18492401521422,-14.67536335044992
0.39913611435207086,1.6456939058545634,6.380877791672525,7.810911861746763
-0.037634702424848364,-0.6105975908036194,-2.1876451774976013,-2.534450886551166
1.1033018820165215,2.1160704817288822,9.67416106531347,11.827039627101986
0.11422764866203965,0.5604356278930939,3.2099334743895303,2.6079504853440043
0.1503017614618776,0.4911032027028216,3.3005495781859104,2.440159089943416
-0.36361221221385587,-0.01777260728867225,-1.7542830214483103,-1.1529091712750283
-0.056945623721067457,-0.5493776180119783,-2.244799647255533,-2.3482553133452533
0.3078017688920592,1.1287093359602012,7.392400084267269,5.466991860416469
-1.7101683926566256,-3.6798834628971684,-20.35578573382049,-19.877930539904217
-1.348185422105713,-1.957560363323923,-12.933705306669431,-11.894208948064815
0.743264094022715,2.1018956720584834,12.119038372764678,10.678472780599147
0.17086543812794186,-0.5937078257887116,0.10035220175977377,-1.834601410747998
-0.18398333635267913,0.7180154434696739,2.3238074366685053,2.333570182103585
0.01843393306539316,-0.49909557898326173,-0.9296174813285112,-1.9186200008658836
0.34758170536167105,1.5032212090044872,8.397105867633842,7.0849491546012855
-0.5397596803093615,-0.7122320472173824,-5.210691462335999,-4.463596685389324
-0.7783047254023127,0.2815742259904972,-1.6939231076128174,-1.213754754462317
0.19584525509768155,0.16822452782351097,2.491308389741824,1.2873961297354874
-0.978372777615032,-2.3060623513482614,-10.474353459529633,-12.165996200607022
0.40825275571447184,0.7970859055412111,4.975982749482615,4.445786246885555
-1.7025836042378404,-3.708346991309956,-20.8209531314554,-19.968726466355516
1.0291556373256436,2.858253176593337,16.50754073004972,14.569455118374115
0.472597482413043,-0.6711156436105019,-1.7976410250148431,-1.229011366048861
0.25602973431387566,-0.5416229505186028,-1.733540380304236,-1.368083860184893
0.9826909839455139,0.8975790463118347,6.880726971573502,6.589675155903735
1.6654744444625766,4.281256480898729,23.675609677697416,22.188467305985153
1.0143700650181304,3.739353502618186,18.85450018207936,18.047294244141312
-1.8408742313316453,-3.786197681200762,-20.252547918436075,-20.699374438803645
-1.2795769667357015,-2.7279756566614135,-14.287344996734653,-14.76629425603656
-0.6248185776956788,-1.1795849922781763,-6.549281033556276,-6.590055461421487
0.026091050210833786,1.214060403029858,5.49265427727044,4.95387845031747
0.517659020469123,0.10796490674767201,-0.5447233892962458,2.022447775967097
-0.7257438131534656,-1.213118643572146,-7.326313472818779,-7.030202945620558
0.18676676447707832,1.3487311587365864,6.196546863294362,5.979583458211038
-0.7553829323533225,-1.0096716947667999,-7.455849659746674,-6.30669994659639
-0.6115178029919482,-1.033453989385153,-5.582046048704897,-5.965479399793799
-1.4066610968482223,-1.8122761011293034,-11.673558916048002,-11.490696368374895
-0.9232332461109043,-4.549698785221046,-19.213019180901405,-20.968935018495383
-1.3516846056163336,-2.0254938917017595,-10.584009658441182,-12.176422382084805
-0.9758732529773327,-2.6058221890820894,-13.816714084378518,-13.356869470499092
1.0536417966078395,0.2766506963592221,4.116690463693712,4.322349256793623
-0.949398888831943,-1.3875951781389053,-8.472524944659842,-8.406052322965916
2.632382064837391,6.63842267483774,33.999177417703514,34.54489044221379
0.4933179008808892,0.8491872871340866,5.071727835207141,4.912069092793261
0.1848361236948739,1.3225467945926868,5.086413480567779,5.869042063290032
-0.8583577801812136,-0.10443730237378168,-4.123437884976294,-2.9998254599165435
0.7003098794089914,2.71553421240203,13.585777711735362,13.001559644906173
-0.5756378262377739,0.48868887689584506,0.8573716130918693,0.22893196501117985
0.12200981464536144,0.9861471203626151,3.5063021657265523,4.333565804144557
2.5600845382687947,5.195602715439182,29.358019907325712,28.557171329055155
-0.09605989972464987,-1.7940856113464683,-8.096099873725153,-7.44327801453272
1.1492733262856758,2.052484164441403,11.910921874660621,11.71223731221345
-0.7031764251258874,-2.2495994455679664,-10.287583045037072,-11.105660270720836
-0.0349884904969617,2.1009657365038903,8.265284909820963,8.314529426006686
1.77080063563551,3.3657154588386833,19.230004654402396,18.847517414968657
-0.6269670577877674,-1.130729308791049,-6.9202480524150705,-6.401243935986936
1.8124485579969287,4.176382492034325,21.946409058699988,22.214908215443938
0.7077519354554754,1.4591063172834047,7.753821644619705,8.00087275037978
-0.5624667758942676,0.5701174886422178,-0.15350871965417068,0.594431468331774
0.632407739055521,0.6421661163765899,4.289113519557141,4.506210031468527
0.9725544496267299,2.1397163544907025,9.927910467979252,11.525056016194291
0.6218099622171964,0.5011493387363446,3.378873494454863,3.9102783249497355
-1.5702247198904564,-4.460471951001619,-22.837437457047518,-22.574348710631412
-0.7271371758248686,-2.0660434425550225,-10.701765050190074,-10.444461263742184
-0.24751863555150475,-0.5320740681514216,-3.1123496251309795,-2.8570303045631342
-0.07443342910004629,-0.5781690827173526,-2.597740818029678,-2.516400605607104
0.620672097550678,0.5489232152275,4.537150671648098,4.097829654020031
0.17770100093325383,-1.0509154618053262,-2.796041770289021,-3.641808222694286
-1.3353443587101013,-2.7537942900488974,-15.67097546317416,-15.038645459535292
0.3801978510059632,-0.7443246720190758,-3.039905990447558,-1.8019270299317165
0.6105857452838231,1.9812274542572488,8.714622640637362,9.793658851577792
0.5597904479310398,1.202020648796583,6.000251017784524,6.524306025398472
1.0807807255546218,0.704009951644313,5.706460665424609,6.113256130270313
0.8339221545489041,1.3586352320479447,7.166311325641034,7.981824197691316
0.4591800792284367,0.1662037528662902,0.7462385849005762,2.077938866341401
-0.07016571145864703,0.17884308750188638,0.04875438815741623,0.5231117306359894
-1.6609609335159914,-1.9814714210088382,-12.727341864469356,-12.938368313710544
0.42961821913258585,-1.0159360313805728,-2.179860002288969,-2.7379634102400034
0.20768768716311115,0.5304014534736394,2.1872458222755697,2.7713109909999303
0.27157883719537346,0.3830248788241065,1.9338382047391125,2.375856892584732
-1.2767485758203094,-1.882157075190153,-12.285572337068851,-11.376094877999307
-1.0810565404082624,-1.9489164525788356,-11.070274601914905,-11.049521976674011
1.0531528533329035,1.354336374926988,7.728375425515849,8.629503409600073
-0.03955515385665504,-0.39816424337992823,-1.138194621848478,-1.6909567780093728
0.6815006973726244,0.5669755379417598,2.526537751950802,4.354480037125599
0.028318376130461172,1.1326438908595207,4.255901019377004,4.635126349649333
0.02975613949574519,0.0808239276634326,0.7136714683327081,0.43426202794472507
0.9382838059759977,3.777758297705003,18.10971912507051,17.970089746500843
-0.5160447282173739,-1.0927502702493685,-3.226101601669099,-5.913005159787837
0.09612077694098337,-0.516165213028496,-1.4264984967231265,-1.751262414325533
-0.4622752887050425,-2.438264970022912,-12.143940343048786,-11.129367026884793
-0.4344962274323156,-2.672132131120576,-12.087481453868325,-11.980132478506402
-0.30917212346863937,-2.2024801899427686,-11.513683463643444,-9.722368944596624
0.22213377163371284,0.711394194278909,3.4313783427200137,3.5387392952109753
-0.4787486216634773,-0.4487722200970208,-4.064390802379274,-3.225242448506026
1.2557561255735208,0.9303215491149082,8.403944848740357,7.5487124473797165
-0.8946073022195039,-0.8941762903628924,-6.810067342705616,-6.267173112495034
-0.18687164416135904,-0.8568043400061576,-4.104598208303954,-3.9713912919593795
-0.4397310582741749,-0.7326691045628004,-4.88542743447813,-4.241945761515334
1.4469778843537329,4.50617639696289,24.10449059276609,22.425067690011936
0.19655477651157463,1.289948868888681,5.428217038971536,5.774253496538057
1.0318445394686349,1.7951584310314375,12.108724386010856,10.327308056256655
-1.485560373036972,-3.8623129714892315,-19.091781242949576,-19.926117946659826
0.26705026586925884,-1.6177148695907873,-5.187641953419986,-5.63692668670938
0.889630795623437,1.0601082720044541,7.278058622205648,6.957248603484302
0.08228398927542419,-0.04656226027684607,0.4544002249351398,0.08426866096919541
1.0654803750653512,1.1437812229795186,5.843893437768518,7.825080186804518
-0.5172884501003722,-1.165833867293049,-6.4940842136240695,-6.208968612544642
1.40934744018558,2.895546763329928,16.655387345060774,15.871573468638413
2.2988981236192503,4.372940265430422,24.339558249105334,24.476022606139804
-0.36283856043965906,-1.375679701702778,-7.996424334933664,-6.579538009747508
-0.4455025214007718,-0.7223503708348159,-4.278313498119049,-4.218194244537508
1.453384477117701,3.348709603804811,19.459097362827837,17.81689156490378
1.5795721457307124,2.0687452140185787,14.26058900880117,13.08222737078977
-0.5228600271532683,0.3652123254397335,-0.1697347890669028,-0.10467246791638907
-0.42018681709585726,-0.9389617664759763,-4.0649582401333895,-5.007441033269457
-0.2817846088605072,-0.5447195947761667,-3.39073922605424,-3.011506948208502
-1.344450511034277,-1.9806865988119968,-13.659969515177536,-11.97534174767096
-0.9186519464841982,-1.6040877617048948,-10.09677287440173,-9.178352648621452
-1.0041407667520679,-1.0551448995908905,-5.670113130111568,-7.242917812821225
-0.7677975651041284,-1.2484709650064327,-7.57126963716742,-7.299080585403924
-0.03468488738678118,-0.6818071494140002,-3.0746672391913625,-2.8102040065198426
0.23421473253652075,0.8299329902791431,3.7225379624512542,4.049301083932309
1.5505004928140769,1.957274778307492,14.384737181245205,12.548397129619044
-0.998354040738791,-1.8881483757010589,-8.921696709658544,-10.55575453593682
0.9843223984765838,1.9354148063087067,12.913406654112713,10.743937959094218
-0.21398884422550896,-0.6360945457235576,-3.345389925970809,-3.1712223564249498
-0.04946370965243295,-0.22746493074379665,-0.7626263631853902,-1.038542980125284
0.6748194921666038,-0.5322100611644316,-1.6210243175787062,-0.06037687097107325
-1.1227220215622986,-2.7941689508655587,-13.067907442030856,-14.555240310622032
0.3824097461840506,0.8576643935092159,3.4101072613210803,4.609607112300147
0.1664522082130561,0.49276080842351255,2.6871754220958475,2.4957661243093483
0.4924512640081491,-0.042772612909659946,0.2089608127529634,1.3433440566735997
0.2891686439078181,1.844045128680337,7.654819619706105,8.270428180615394
2.4553001399108942,4.044425431607287,22.70633971511213,23.63692934482335
-0.637739984251316,-0.3060227679758951,-3.745186285333346,-3.136700513011635
-0.5309969550018176,-0.6347995481319504,-4.671311760682234,-4.127443058474339
-0.6231405264247644,-1.8925083626933317,-9.987723824972697,-9.435266868109608
-0.5554771191602547,0.6643566542890027,1.824329171455554,0.9924016943702711
-0.6373871273065177,-2.4684110863695157,-12.890668520460135,-11.780958495342276
1.1890165311075518,3.2971872358251053,16.976339963636942,16.809147702848232
1.4205042479898549,3.841590814022688,20.845835152365876,19.68773668043469
-0.5707462937494763,-1.8121127965755974,-9.473886432064214,-8.954944435413154
-0.8323555731042287,-0.2722458461441286,-4.3039689946368025,-3.591874225374047
0.4714155563864041,0.6927845981738554,3.954860436674383,4.220340168467655
-0.5522230442809712,-0.8157524592820855,-3.739953761610545,-4.915274006397184
0.6329318177555108,1.5261854742822423,8.197644981348859,8.04214952991283
0.2029230208512997,0.2715373002320516,1.1637039688745068,1.7219102639068384
-1.515744114997232,-2.220679956834682,-12.946075521142385,-13.454332501756
1.5475052013300616,3.8884991232123363,19.094219947003108,20.26043712303178
1.7958776730955217,1.8432233729528626,13.441886021540963,12.836575664904199
-0.6127886904843862,0.07876286190938009,-1.1147073161138707,-1.5226394489968462
-0.38770155993598415,-2.4378951079076425,-11.222493582577407,-10.901726750854191
0.28586539072490497,1.6042769857914672,6.436118316893352,7.3018062454358565
0.334456789987025,1.7956187168016333,7.299164314884152,8.214163610900236
0.6585442726728304,0.22612211513046265,3.414938614886252,2.9221118482338575
2.0102045387663496,3.6095947895781144,21.69797327710057,20.548604218004687
-0.1769472274940494,-1.4595991234740344,-7.006545923407081,-6.351294583611917
-0.7982972445384537,-1.811515519365643,-9.182567107526449,-9.642655763726829
-1.3793192280145272,-3.0666727402147957,-18.491675663504832,-16.42291156434683
-0.7309300399419191,-0.6821995476144983,-5.50620604094095,-4.923292340342882
-0.033126972873797095,1.2440548003720142,4.845779349995763,4.894205502120065
1.7945578635177877,4.984799537825531,24.41318832487365,25.392739259840457
-0.5176112990361714,-1.5973906246506449,-8.878902770500689,-7.935331518451316
0.2237879516388985,0.23835402953326923,0.9570004165808863,1.6525195992418666
-0.016422896072752075,-1.7162839843664544,-6.6222118973577,-6.890706459782371
1.188393273448084,1.5709164803999793,9.661516723537794,9.905547539201013
2.5269324258736217,6.018716484844701,29.4174319836747,31.74747688031753
-0.5308687729203206,0.5538452777075904,-1.4979253605656666,0.6252024470755315
-0.48943944251822213,-2.2132277569163663,-10.928094533077306,-10.312039269334079
1.044160877069072,1.4958574949852497,9.573599197201766,9.168041182469345
0.6818914896263114,1.3373772222936957,4.647678515328483,7.435766622256014
1.8467073257360336,3.973575810291674,20.93469504222317,21.50797515344552
0.5839281853259639,0.3582528507302817,2.658548102381597,3.224086603181701
-0.35929209078705954,-0.29452313711002936,-0.8676310425928482,-2.246268800386191
0.5906548306923093,0.7074703143137024,4.216823937618873,4.640674168159059
1.1087035805829077,2.202954890287536,12.520919287639796,12.190789356401769
0.820482181197364,2.1872486103984277,11.351698125273266,11.253898919508053
0.5072740311072977,1.0209703320255332,3.475136941616826,5.641190712444704
1.066674689589154,1.6969634886517393,10.756085240006156,10.040350391983793
1.1692955904456728,2.228981376965515,12.639208784655366,12.478603302248054
1.3821589910375272,2.675955022869719,15.358565704266049,14.911180508435127
0.6487098875896427,0.9274087452971576,9.582002350393886,5.696063120647472
-0.16711808031685435,-0.5930322233008111,-4.957596073652396,-2.8569111089251793
0.14671368643332283,1.8920745433713626,9.733135882546527,8.030425399101798
1.2065089665083568,2.9739373809579526,15.227828903956524,15.569829625433098
-0.8169356709872361,-1.9293516600036325,-9.880884748573228,-10.170295288249989
0.3686733088729012,1.434301022256538,6.797711770343613,6.873368089319689
-0.3933388123273607,-1.1204971144107314,-6.086241228023051,-5.651805122947088
0.028744822934817487,1.2306142834562763,4.438858674390799,5.028109787463468
1.2784518626072987,2.9265459174126915,15.871047993045671,15.598539331661204
0.19109906801990334,0.2748959920355778,0.15570747553034203,1.6994796808167696
0.04643654815614881,0.5405900221225752,3.052248900480513,2.3230151298166546
-1.3598561409799192,-4.290588434028338,-21.658116563938364,-21.2571567091715
0.7462535660272207,0.36573966314463613,2.5716500116198486,3.746307330772236
0.6454841811410754,0.09704335588309543,1.8746131089597946,2.366441367830845
2.16325472330546,4.469452541374627,25.624723552277462,24.45051411120604
-0.30777823495300083,1.1169585295790903,3.0091643264411356,3.553127234289078
0.21915032766393897,2.6696008015205104,11.694307807283478,11.358691546536562
0.24938368371075526,1.1368184688622676,4.564468650865862,5.322246607936182
1.5774532797634744,3.6557510344714057,20.113285827099666,19.420723805023723
-0.0952955323869521,-1.9916487989266431,-7.566974054077224,-8.23082662325962
0.27902152577033923,0.015369251806656714,2.747150417834056,0.9285243825312014
0.6078965097165392,0.4280092675248395,3.36016265374976,3.575665287499872
0.1866091231563581,-0.2476293519383998,0.23796476647338172,-0.4032174771164496
-0.44643361455052827,-1.061011047685846,-5.485277494856025,-5.5749989785654925
0.19408999289830758,-0.0839105919005122,1.5424993929558883,0.27402508120821095
1.073631749859772,0.16796368934375638,3.173917619345611,3.9484376109802994
-1.0265152994110602,-1.3051203427045865,-7.555021956174245,-8.31018693483104
0.132969674146876,-0.8068036774460545,-3.023002983460272,-2.801495840878103
-0.7001208149391732,-1.1609947657671968,-6.808529684994805,-6.744101795055385
1.1950466289248425,4.464175927599658,21.533596081621535,21.49310986943549
-1.5231869047837747,-3.965758401153973,-20.180353922540537,-20.453808431877544
-0.5589218472715883,-3.6481312172895066,-16.38551945409475,-16.25957036674992
0.37721187506452086,0.4684195282489309,3.2200269213598127,3.037624502310918
1.5655240292343404,4.232007693467252,23.202720919134215,21.688446344522223
-0.0657502610729878,1.8268469320746183,8.09558663069473,7.125297854159162
-0.5551995266931984,-2.3399486478388134,-10.156238578937954,-11.018107425419135
1.8811570694405901,4.259013362117702,22.22398513076871,22.753644204019004
-1.448013900416244,-3.3613382576125415,-18.678635559927223,-17.80932986955402
-2.198805956620082,-4.5035602675443,-23.655358381799694,-24.65293129915089
0.4400144500533324,3.5243722471237,16.29357913118459,15.445927122195233
-0.5020542243526112,-2.5070787771003755,-10.061807105708354,-11.525126337158763
-1.0212328171307132,-1.788725972766853,-10.822582968428781,-10.227644207765028
0.7083564472993533,1.8844060663641398,9.433144951994272,9.703074054898707
0.24380071377119883,1.5733877524817448,5.385468988715141,7.050739105030845
-0.5640786307367284,-1.0301741080025613,-6.205403430281303,-5.808496358282148
-1.2803043986708944,-2.2525582578376864,-11.854575716783982,-12.867759697445443
0.8724573282801447,1.3532660891384982,7.563940962166229,8.07722467009339
0.650201177958661,1.5695292971624293,8.869200517726524,8.267813336497024
-0.09917586377938291,-0.5415440030561763,-2.6542067095606656,-2.4450088299765724
1.8466369960476658,4.314845881951382,23.123351544170085,22.872175328858386
-1.0700847663261526,-2.509779868695939,-14.397065163577883,-13.258605384075526
-1.5255251709247388,-2.6739499479472912,-15.18716585492948,-15.296190049383867
-0.6919080698812444,-1.4130789534474673,-10.719175994334325,-7.727038998313263
-0.045586016355497805,1.0348782180611726,3.8158586650162123,4.020123048624482
0.24333944932269183,0.4352851750568974,0.8406858044805252,2.4991536897548468
-0.24123605785632987,-2.2555045839195413,-8.53973199270034,-9.72833156538844
0.3520553965142968,1.9660322937425851,9.697702717277743,8.948856660549879
-1.251539424190444,-3.408811149243507,-16.92319188757928,-17.403275782628487
1.4437646040732595,2.233762869497699,14.787351517369956,13.33010874328615
-0.0821511783925688,-0.7599636508286297,-4.235224659317063,-3.266629467550997
1.1172958315881276,3.6090297563470726,19.53536971806823,17.838399364404758
0.34272534637770413,-1.4502235212232872,-3.8405264814996523,-4.737786914702261
0.4567532191537839,4.051254971967562,17.338724258112652,17.603192594965773
0.5697672802322039,2.19559136953046,11.627287466001395,10.526904512938778
0.44770856001731496,1.1186560341637897,4.71145630429547,5.851097004829195
0.6427227598675439,1.2305515191188015,6.025860194550164,6.889884586646069
1.3291525301324314,2.9438591351225196,15.154304407647672,15.821519513768255
0.19652116970147013,0.9141647677822786,3.7172448721695095,4.271749430892196
0.7090037575885123,2.0632231011270816,9.323346034513609,10.41995591005357
-0.08973569428722672,0.37613307742899504,2.458408293949625,1.2525358377867386
1.4401172154494728,2.9698151121541945,15.940757694595366,16.261817989545186
-0.6763923020592697,-1.5501230244258655,-7.87716403552439,-8.227892462352468
1.8009404329108156,3.4506075821681197,18.634900260991245,19.278325726218323
-0.04015795064434341,-0.27522418164136786,-3.0419738790470188,-1.201264864748374
-1.4307751021180481,-1.7277801073690318,-10.933388377438849,-11.226008620098554
0.12810441491078928,0.8497655521024404,1.8711204777223527,3.806789253858113
-0.6810516574748808,-4.302491949614042,-19.32175681696628,-19.246120743738874
0.8406435489887241,2.337187874507209,10.502367106162199,11.914506871421192
-0.6526239793023909,-1.110511763886007,-4.412642994220392,-6.3982236264051435
-0.4461834332147797,-0.9110756228754568,-4.071490068971445,-4.9747915129142966
-1.889540730945531,-4.167599914979948,-22.233268061484903,-22.37183020749207
-0.4523063192490767,0.21950008148786004,0.7847880458588785,-0.47326679519716275
-2.4238793266289567,-3.9002321911350553,-23.718882721892825,-22.92338331035483
-1.5839028234857233,-3.9406833147950557,-19.9709623509673,-20.53769171623181
0.7604146561442974,1.92788159941313,10.192580799804126,10.034769427194004
0.7858001586508322,0.5999435827603784,5.02119488832768,4.802599296809973
0.42545756178496474,-0.528703041219001,0.433914020585658,-0.8026015989501956
-0.966976143129213,-2.560669510848391,-12.4111143700014,-13.149364502965941
-0.047711356141979855,0.766970760098799,3.21347263479428,2.942571122074269
-0.0036025390905684044,0.9459199671949499,2.117984815279798,3.7917881706614445
-1.1583646891925428,-1.8036439582877926,-11.649716196008262,-10.703170144956555
1.5033983017671506,3.7318923903822983,19.31505553323492,19.500552130905564
0.8773622905756714,2.270902868266301,11.80907071906887,11.76085417865761
-0.22096417382966393,-1.08340994288228,-6.126736017692036,-4.980764169089967
0.02688583899453078,0.4856942226630022,4.435111083214022,2.0442472866208776
0.20838280794755248,1.2171751411227874,7.01024304358738,5.519171937761996
-2.0417348684242906,-3.3291784070350072,-18.839799913020414,-19.481345240079722
-0.24717738252059693,0.694558606433449,2.10873913945575,2.048138555473516
-0.6819842479977986,-0.6556646487945333,-4.88082030907268,-4.668765505994975
-1.0016200098949155,-1.651791812248248,-10.563945738699974,-9.620694891901756
-0.2811002928859549,0.5079496525445176,1.2659782500390684,1.1991885318665387
1.7976865268495226,3.568851794449985,19.926219298491258,19.741203333861147
0.6408428612670098,0.3998110713063019,2.2800122935446128,3.562844797075915
-0.5711789897827968,-1.3054249435093574,-6.601060326140923,-6.930495307696018
0.5725827813561586,0.4002629179058681,3.1635409668671994,3.3576373058781206
